{"activation": "logistic", "alpha": 0.0001, "batch_size": 5, "beta_1": 0.9, "beta_2": 0.999, "early_stopping": false, "epsilon": 1e-08, "hidden_layer_sizes": 120, "learning_rate": "adaptive", "learning_rate_init": 0.001, "max_fun": 15000, "max_iter": 3000, "momentum": 0.9, "n_iter_no_change": 10, "nesterovs_momentum": true, "power_t": 0.5, "random_state": 1, "shuffle": true, "solver": "adam", "tol": 0.0001, "validation_fraction": 0.1, "verbose": false, "warm_start": false, "loss_curve": [0.11439779782148582, 0.10071130806451034, 0.09101943077647663, 0.08572053832236587, 0.0833228470745009, 0.08213524820610328, 0.08174339445679361, 0.0812983692437987, 0.08147895977462088, 0.08144420371012975, 0.08176977635572544, 0.0818528717988056, 0.08172267217687469, 0.08181003574198518, 0.0819873684015681, 0.08201465008827118, 0.08206161516911942, 0.08206711000751367, 0.08212730808892692]}