{"activation": "logistic", "alpha": 0.0001, "batch_size": 5, "beta_1": 0.9, "beta_2": 0.999, "early_stopping": false, "epsilon": 1e-08, "hidden_layer_sizes": 35, "learning_rate": "adaptive", "learning_rate_init": 0.001, "max_fun": 15000, "max_iter": 3000, "momentum": 0.9, "n_iter_no_change": 10, "nesterovs_momentum": true, "power_t": 0.5, "random_state": 1, "shuffle": true, "solver": "adam", "tol": 0.0001, "validation_fraction": 0.1, "verbose": false, "warm_start": false, "loss_curve": [0.10587651779408863, 0.08465525907238548, 0.0676173901470058, 0.05707055900110509, 0.05120487087220723, 0.04852379751929396, 0.04739107979459643, 0.04687856488185746, 0.046659528311563093, 0.0464914228672057, 0.04629807722037261, 0.04620678458066071, 0.04614098523372322, 0.04601355583233441, 0.04587976385993045, 0.04573670680807777, 0.04575444551651674, 0.04558828433439555, 0.04549358127538437, 0.04546879746962542, 0.045420349679923686, 0.04527264713133208, 0.045208003267886626, 0.04518187077718255, 0.04510522175639372, 0.04506417767228912, 0.0450077906511918, 0.0449559931948991, 0.04494462947162421, 0.04488914902607139, 0.04485177389019081, 0.04485312763611624, 0.0447492175498457, 0.04467092185684219, 0.044666229514147754, 0.04460155514439325, 0.04458331214185593, 0.044590738696991, 0.0445960679167232, 0.04451502884242899, 0.04448241918254904, 0.04448494865033859, 0.04444220979662853, 0.04442318899741571]}