{"activation": "logistic", "alpha": 0.0001, "batch_size": 5, "beta_1": 0.9, "beta_2": 0.999, "early_stopping": false, "epsilon": 1e-08, "hidden_layer_sizes": 255, "learning_rate": "adaptive", "learning_rate_init": 0.001, "max_fun": 15000, "max_iter": 3000, "momentum": 0.9, "n_iter_no_change": 10, "nesterovs_momentum": true, "power_t": 0.5, "random_state": 1, "shuffle": true, "solver": "adam", "tol": 0.0001, "validation_fraction": 0.1, "verbose": false, "warm_start": false, "loss_curve": [0.11642552218215889, 0.0998532190930767, 0.09008101752146774, 0.0855372353698409, 0.0840394701968345, 0.08406998695139996, 0.0843252516395856, 0.08476487682766062, 0.08518423451109082, 0.08543212334956064, 0.08618021384844678, 0.0863331967682747, 0.08692477795411549, 0.0869992152820561, 0.08743441315583686, 0.08770201676680915]}