{"activation": "logistic", "alpha": 0.0001, "batch_size": 5, "beta_1": 0.9, "beta_2": 0.999, "early_stopping": false, "epsilon": 1e-08, "hidden_layer_sizes": 440, "learning_rate": "adaptive", "learning_rate_init": 0.001, "max_fun": 15000, "max_iter": 3000, "momentum": 0.9, "n_iter_no_change": 10, "nesterovs_momentum": true, "power_t": 0.5, "random_state": 1, "shuffle": true, "solver": "adam", "tol": 0.0001, "validation_fraction": 0.1, "verbose": false, "warm_start": false, "loss_curve": [0.1255546912207892, 0.11556923201618831, 0.11298823024066508, 0.11393361758143535, 0.11614513337877429, 0.11967361490202875, 0.12257195986328324, 0.12598327992451644, 0.12826926898045157, 0.13131651171698394, 0.13339296583790983, 0.13580629736054775, 0.137691261605805, 0.1401926468799355]}